{"cameraMode":{"drawMode":0,"name":"Shaded","section":"Shading Mode"},"sceneLighting":true,"audioPlay":false,"sceneViewState":{"showFog":true,"showMaterialUpdate":false,"showSkybox":true,"showFlares":true,"showImageEffects":true,"showParticleSystems":true,"showVisualEffectGraphs":true,"m_FxEnabled":true},"in2DMode":false,"pivot":{"x":2.1800003051757814,"y":1.3799991607666016,"z":10.65999984741211},"rotation":{"x":-0.23477649688720704,"y":-0.11863237619400025,"z":0.028881682083010675,"w":-0.9643511176109314},"size":13.007977485656739,"orthographic":false}