{"cameraMode":{"drawMode":0,"name":"Shaded","section":"Shading Mode"},"sceneLighting":true,"audioPlay":false,"sceneViewState":{"showFog":true,"showMaterialUpdate":false,"showSkybox":false,"showFlares":true,"showImageEffects":true,"showParticleSystems":true,"showVisualEffectGraphs":true,"m_FxEnabled":true},"in2DMode":false,"pivot":{"x":0.42908287048339846,"y":4.901218414306641,"z":13.418846130371094},"rotation":{"x":-0.23477649688720704,"y":-0.11863237619400025,"z":0.028881682083010675,"w":-0.9643511176109314},"size":4.850576400756836,"orthographic":false}